{
  "summary": {
    "generatedon": "2026-02-24T21:01:49Z",
    "parser": "OpenCover",
    "assemblies": 1,
    "classes": 4,
    "files": 5,
    "coveredlines": 75,
    "uncoveredlines": 33,
    "coverablelines": 108,
    "totallines": 260,
    "linecoverage": 69.4,
    "coveredbranches": 4,
    "totalbranches": 8,
    "branchcoverage": 50,
    "coveredmethods": 16,
    "fullcoveredmethods": 12,
    "totalmethods": 24,
    "methodcoverage": 66.6,
    "fullmethodcoverage": 50
 },
  "coverage": {
    "assemblies": [
      { "name": "Sample", "classes": 4, "coverage": 69.4, "coveredlines": 75, "coverablelines": 108, "totallines": 260, "branchcoverage": 50, "coveredbranches": 4, "totalbranches": 8, "methodcoverage": 66.6, "fullmethodcoverage": 50, "coveredmethods": 16, "fullcoveredmethods": 12, "totalmethods": 24, "classesinassembly": [
        { "name": "Sample.PartialClass", "coverage": 54.5, "coveredlines": 12, "coverablelines": 22, "totallines": 53, "branchcoverage": 50, "coveredbranches": 1, "totalbranches": 2, "methodcoverage": 50, "fullmethodcoverage": 33.3, "coveredmethods": 3, "fullcoveredmethods": 2, "totalmethods": 6 },
        { "name": "Test.Program", "coverage": 100, "coveredlines": 15, "coverablelines": 15, "totallines": 84, "branchcoverage": null, "coveredbranches": 0, "totalbranches": 0, "methodcoverage": 100, "fullmethodcoverage": 100, "coveredmethods": 3, "fullcoveredmethods": 3, "totalmethods": 3 },
        { "name": "Test.TestClass", "coverage": 72.7, "coveredlines": 24, "coverablelines": 33, "totallines": 38, "branchcoverage": 50, "coveredbranches": 2, "totalbranches": 4, "methodcoverage": 80, "fullmethodcoverage": 60, "coveredmethods": 4, "fullcoveredmethods": 3, "totalmethods": 5 },
        { "name": "Test.TestClass2", "coverage": 63.1, "coveredlines": 24, "coverablelines": 38, "totallines": 85, "branchcoverage": 50, "coveredbranches": 1, "totalbranches": 2, "methodcoverage": 60, "fullmethodcoverage": 40, "coveredmethods": 6, "fullcoveredmethods": 4, "totalmethods": 10 } ] } ]
  }
}